일자,출처,NIV 영어 성경 구절,영어 구문 포인트,한글 번역
1,Gen 1:1,In the beginning God created the heavens and the earth.,전치사구 + 기본 3형식 문장,태초에 하나님이 천지를 창조하시니라.
2,Gen 1:3,"And God said, ""Let there be light,"" and there was light.",사역동사 Let + 목적어 + 원형,하나님이 이르시되 빛이 있으라 하시니 빛이 있었고
3,Gen 12:2,"I will make you into a great nation, and I will bless you.",make A into B (~를 B로 만들다),내가 너로 큰 민족을 이루고 네게 복을 주어
4,Gen 15:6,"Abram believed the LORD, and he credited it to him as righteousness.",credit A to B as C (A를 B의 C로 인정하다),아브람이 여호와를 믿으니 여호와께서 이를 그의 의로 여기시고
5,Gen 28:15,I am with you and will watch over you wherever you go.,복합관계부사 wherever (~하는 어디든지),내가 너와 함께 있어 네가 어디로 가든지 너를 지키며
6,Gen 50:20,"You intended to harm me, but God intended it for good.","대조 구문 (intend A, but God intended B)",당신들은 나를 해하려 하였으나 하나님은 그것을 선으로 바꾸사
7,Exod 3:14,"God said to Moses, ""I AM WHO I AM.""",관계대명사 WHO의 선행사 포함 용법,하나님이 모세에게 이르시되 나는 스스로 있는 자이니라.
8,Exod 14:14,The LORD will fight for you; you need only to be still.,need only to + 동사원형 (~하기만 하면 된다),여호와께서 너희를 위하여 싸우시리니 너희는 가만히 있을지니라.
9,Exod 20:3,You shall have no other gods before me.,조동사 shall (강한 명령/금지),너는 나 외에는 다른 신들을 네게 두지 말라.
10,Lev 19:2,"Be holy because I, the LORD your God, am holy.","동격 구문 (I, the LORD your God)",너희는 거룩하라 이는 나 여호와 너희 하나님이 거룩함이니라.
11,Num 6:24,The LORD bless you and keep you.,기원문 형태의 가정법 현재,여호와는 네게 복을 주시고 너를 지키시기를 원하며
12,Num 23:19,"God is not human, that he should lie.",that + S + should (~할 정도로 -한),하나님은 사람이 아니시니 거짓말을 하지 않으시고
13,Deut 6:4,"Hear, O Israel: The LORD our God, the LORD is one.",호격 + 주어 명사구 동격,이스라엘아 들으라 우리 하나님 여호오는 오직 유일한 여호와이시니
14,Deut 6:5,Love the LORD your God with all your heart and with all your soul.,전치사 with의 나열 (전심으로),너는 마음을 다하고 뜻을 다하여 네 하나님 여호와를 사랑하라.
15,Deut 8:3,Man does not live on bread alone but on every word.,not A but B (A가 아니라 B),사람이 떡으로만 사는 것이 아니요 여호와의 입에서 나오는 모든 말씀으로 사는 줄을
16,Deut 31:6,Be strong and courageous. Do not be afraid.,형용사 보어 명령문,너희는 강하고 담대하라 두려워하지 말라.
17,Josh 1:8,Keep this Book of the Law always on your lips; meditate on it day and night.,세미콜론(;)을 이용한 문장 연결,이 율법책을 네 입에서 떠나지 말게 하며 주야로 그것을 묵상하여
18,Josh 1:9,Have I not commanded you? Be strong and courageous.,수의적 의문문 (반어법적 강조),내가 네게 명령한 것이 아니냐 강하고 담대하라.
19,Josh 24:15,"As for me and my household, we will serve the LORD.",As for ~ (~에 관해서는),나와 내 집은 여호와를 섬기겠노라.
20,Ruth 1:16,"Where you go I will go, and where you stay I will stay.",관계부사절의 대칭 구조,어머니께서 가시는 곳에 나도 가고 어머니께서 머무시는 곳에서 나도 머물겠나이다.
21,1 Sam 16:7,The LORD does not look at the things people look at.,목적격 관계대명사 생략,여호권은 사람이 보는 것을 보지 아니하시나니
22,1 Sam 17:47,All those gathered here will know that it is not by sword or spear that the LORD saves.,It is ... that 강조구문,여호권의 구원하심이 칼과 창에 있지 아니함을 이 무리에게 알게 하리라.
23,2 Sam 7:22,"How great you are, Sovereign LORD! There is no one like you.",감탄문 How + 형용사 + S + V,주 여호와여 이러므로 주는 위대하시니 이는 우리 귀로 들은 대로는 주와 같은 이가 없고
24,1 Kings 8:23,There is no God like you in heaven above or on earth below.,대조적인 전치사구 (above / below),위로 하늘과 아래로 땅에 주와 같은 신이 없나이다.
25,1 Chron 16:34,"Give thanks to the LORD, for he is good; his love endures forever.",접속사 for (이유: 왜냐하면),여호와께 감사하라 그는 선하시며 그의 인자하심이 영원함이로다.
26,1 Chron 29:11,"Yours, LORD, is the greatness and the power and the glory.",소유대명사 Yours 도치 구문,여호와여 위대하심과 권능과 영광이 주께 속하였사오니
27,2 Chron 7:14,If my people ... will humble themselves and pray ... then I will hear.,가정법 조건절 If ~ then ...,내 이름으로 일컫는 내 백성이 ... 겸손하고 기도하여 ... 내가 하늘에서 듣고
28,Ezra 7:10,Ezra had devoted himself to the study and observance of the Law.,devote oneself to + 명사,에스라가 여호와의 율법을 연구하여 준행하며
29,Neh 8:10,"Do not grieve, for the joy of the LORD is your strength.",접속사 for + 명사구 주어,근심하지 말라 여호와로 인하여 기뻐하는 것이 너희의 힘이니라.
30,Job 1:21,The LORD gave and the LORD has taken away; may the name of the LORD be praised.,may + S + V (기원문),주신 이도 여호와시요 거두신 이도 여호와시오니 여호와의 이름이 찬송을 받으실지니이다.
31,Job 19:25,"I know that my redeemer lives, and that in the end he will stand on the earth.",명사절 접속사 that 병렬 연결,내가 알기에는 나의 대속자가 살아 계시니 마침내 그가 땅 위에 서실 것이라.
32,Job 23:10,"But he knows the way that I take; when he has tested me, I shall come forth as gold.",직유법 as gold + 시간의 부사절,그러나 내가 가는 길을 그가 아시나니 그가 나를 단련하신 후에는 내가 순금 같이 되어 나오리라.
33,Job 42:2,I know that you can do all things; no purpose of yours can be thwarted.,소유대명사 yours 활용,주께서는 못 하실 일이 없사오며 무슨 계획이든지 못 이루실 것이 없는 줄 아오니
34,Ps 1:1,Blessed is the one who does not walk in step with the wicked.,보어 도치 문장 (Blessed is S),복 있는 사람은 악인들의 꾀를 따르지 아니하며
35,Ps 1:2,"That person’s delight is in the law of the LORD, and on his law he meditates day and night.",전치사구 도치 및 주어-동사 연결,오직 여호와의 율법을 즐거워하여 그의 율법을 주야로 묵상하는도다.
36,Ps 1:3,That person is like a tree planted by streams of water.,과거분사 planted 수식,그는 시냇가에 심은 나무가 철을 따라 열매를 맺으며
37,Ps 8:1,"LORD, our Lord, how majestic is your name in all the earth!",감탄문 how + 형용사 + V + S,여호와 우리 주여 주의 이름이 온 땅에 어찌 그리 아름다운지요
38,Ps 16:8,"I keep my eyes always on the LORD. With him at my right hand, I will not be shaken.",With + 명사 + 전치사구 부대상황,내가 여호와를 모셔둠이여 그가 나의 오른쪽에 계시므로 내가 흔들리지 아니하리로다.
39,Ps 18:1,"I love you, LORD, my strength.",호격 수식 구조,나의 힘이신 여호와여 내가 주를 사랑하나이다.
40,Ps 18:2,"The LORD is my rock, my fortress and my deliverer.",비유적 명사 나열 구조,여호와는 나의 반석이시요 나의 요새시요 나를 건지시는 이시요
41,Ps 19:1,The heavens declare the glory of God; the skies proclaim the work of his hands.,대칭적 문장 구조 (유의어 병렬),하늘이 하나님의 영광을 선포하고 궁창이 그의 손으로 하신 일을 나타내는도다.
42,Ps 19:14,May these words of my mouth and this meditation of my heart be pleasing in your sight.,May + S + be + 형용사 (기원문),내 입의 말과 마음의 묵상이 주님 앞에 열납되기를 원하나이다.
43,Ps 23:1,"The LORD is my shepherd, I lack nothing.",간결한 두 주절의 연결,여호와는 나의 목자시니 내게 부족함이 없으리로다.
44,Ps 23:2,"He makes me lie down in green pastures, he leads me beside quiet waters.",사역동사 make + O + 원형,그가 나를 푸른 밭에 누이시며 쉬만한 물 가로 인도하시는도다.
45,Ps 23:3,He refreshes my soul. He guides me along the right paths for his name’s sake.,for ~ sake (~를 위하여),내 영혼을 소생시키시고 자기 이름을 위하여 의의 길로 인도하시는도다.
46,Ps 23:4,"Even though I walk through the darkest valley, I will fear no evil.",양보 접속사 Even though,내가 음침한 골짜기로 다니를지라도 해를 두려워하지 않을 것은
47,Ps 23:5,You prepare a table before me in the presence of my enemies.,전치사구 in the presence of,주께서 내 원수의 목전에서 내게 상을 차려 주시고
48,Ps 23:6,Surely your goodness and love will follow me all the days of my life.,부사 Surely를 통한 확신 강조,내 평생에 선하심과 인자하심이 반드시 나를 따르리니
49,Ps 24:1,"The earth is the LORD’s, and everything in it.",소유대명사 the LORD's,땅과 거기에 충만한 것과 세계와 그 가운데에 사는 자들은 다 여호와의 것이로다.
50,Ps 27:1,The LORD is my light and my salvation—whom shall I fear?,관계대명사 whom 의문문,여호와는 나의 빛이요 나의 구원이시니 내가 누구를 두려워하리요
51,Ps 27:4,"One thing I ask from the LORD, this only do I seek.",도치 구문 (this only do I seek),내가 여호와께 바라는 한 가지 일 그것을 구하리니
52,Ps 31:15,My times are in your hands; deliver me from the hands of my enemies.,명사 복수형 times (생애/운명),나의 날이 주의 손에 있사오니 내 원수들의 손에서 나를 건져 주소서.
53,Ps 34:1,I will extol the LORD at all times; his praise will always be on my lips.,어휘 extol (높이 찬양하다),내가 여호와를 항상 송축함이여 내 입술로 항상 주를 찬양하리이다.
54,Ps 34:8,Taste and see that the LORD is good; blessed is the one who takes refuge in him.,명령문 + that절 + 보어 도치,너희는 여호와의 선하심을 맛보아 알지어다 그에게 피하는 자는 복이 있도다.
55,Ps 37:4,"Take delight in the LORD, and he will give you the desires of your heart.",명령문 + and (~하라 그러면),또 여호와를 기뻐하라 그가 네 마음의 소원을 네게 이루어 주시리로다.
56,Ps 37:5,Commit your way to the LORD; trust in him and he will do this.,동사 Commit (맡기다) 용법,네 길을 여호와께 맡기라 그를 의지하면 그가 이루시고
57,Ps 40:1,I waited patiently for the LORD; he turned to me and heard my cry.,부사 patiently 수식 구조,내가 여호와를 기다리고 기다렸더니 귀를 기울이사 나의 부르짖음을 들으셨도다.
58,Ps 42:1,"As the deer pants for streams of water, so my soul pants for you, my God.","As ..., so ... (~처럼 -하다)",사슴이 시냇물을 찾기에 갈급함 같이 내 영혼이 주를 찾기에 갈급하니이다.
59,Ps 46:1,"God is our refuge and strength, an ever-present help in trouble.",동격 명사구 수식,하나님은 우리의 피난처시요 힘이시니 환난 중에 만나볼 큰 도움이시라.
60,Ps 46:10,"He says, ""Be still, and know that I am God.""",형용사 보어 still (고요한/가만히 있는),이르시기를 너희는 가만히 있어 내가 하나님 됨을 알지어다.
61,Ps 51:10,"Create in me a pure heart, O God, and renew a steadfast spirit within me.",형용사 steadfast (확고한/불변의),하나님이여 내 속에 정한 마음을 창조하시고 내 안에 정직한 영을 새롭게 하소서.
62,Ps 51:12,Restore to me the joy of your salvation and grant me a willing spirit.,4형식 동사 grant (하사하다),주의 구원의 기쁨을 내게 회복시켜 주시고 자발적인 심령을 주사 나를 붙드소서.
63,Ps 55:22,Cast your cares on the LORD and he will sustain you.,Cast A on B (A를 B에게 던지다),네 짐을 여호와께 맡기라 그가 너를 붙드시나니
64,Ps 56:3,"When I am afraid, I put my trust in you.",시간 부사절 When ~,내가 두려워하는 날에는 내가 주를 의지하리이다.
65,Ps 62:1,Truly my soul finds rest in God; my salvation comes from him.,부사 Truly (진실로/참으로),나의 영혼이 잠잠히 하나님만 바람이여 나의 구원이 그에게서 나오는도다.
66,Ps 63:1,"You, God, are my God, earnestly I seek you.",부사 earnestly (간절히) 수식,하나님이여 주는 나의 하나님이시라 내가 간절히 주를 찾되
67,Ps 67:1,May God be gracious to us and bless us and make his face shine on us.,사역동사 make + O + 원형,하나님은 우리에게 은혜를 베푸사 복을 주시고 그의 얼굴 빛을 우리에게 비추사
68,Ps 73:26,"My flesh and my heart may fail, but God is the strength of my heart and my portion forever.",명사 portion (분깃/몫),내 육체와 마음은 쇠약하나 하나님은 내 마음의 반석이시요 영원한 분깃이시라.
69,Ps 84:10,Better is one day in your courts than a thousand elsewhere.,비교급 도치 구문 (Better is A than B),주의 교정에서의 한 날이 다른 곳에서의 천 날보다 나은즉
70,Ps 86:11,"Teach me your way, LORD, that I may walk in your truth.",so that ~ may 목적 (~하도록),여호와여 주의 도를 내게 가르치소서 내가 주의 진리에 행하오리니
71,Ps 90:12,"Teach us to number our days, that we may gain a heart of wisdom.",Teach + O + to원형 + 목적절,우리에게 우리 날 계수함을 가르치사 지혜로운 마음을 얻게 하소서.
72,Ps 91:1,Whoever dwells in the shelter of the Most High will rest in the shadow of the Almighty.,복합관계대명사 Whoever 주어절,지존자의 은밀한 곳에 거주하며 전능자의 그늘 아래에 사는 자여
73,Ps 91:2,"I will say of the LORD, ""He is my refuge and my fortress, my God, in whom I trust.""",전치사 + 관계대명사 in whom,나는 여호와를 향하여 말하기를 그는 나의 피난처요 나의 요새요 내가 의뢰하는 하나님이라 하리니
74,Ps 95:6,"Come, let us bow down in worship, let us kneel before the LORD our Maker.",Let us + 원형 (권유/청유),오라 우리가 굽혀 경배하며 우리를 지으신 여호와 앞에 무릎을 꿇자.
75,Ps 100:1,"Shout for joy to the LORD, all the earth.",숙어 Shout for joy (기쁨의 함성을 지르다),온 땅이여 여호와께 즐거운 찬송을 부를지어다.
76,Ps 100:3,"Know that the LORD is God. It is he who made us, and we are his.",강조구문 It is he who ~,여호와가 우리 하나님이신 줄 너희는 알지어다 그는 우리를 지으신 이요 우리는 그의 것이니
77,Ps 103:1,"Praise the LORD, my soul; all my inmost being, praise his holy name.",명사구 all my inmost being,내 영혼아 여호와를 송축하라 내 속에 있는 것들아 다 그의 거룩한 이름을 송축하라.
78,Ps 103:2,"Praise the LORD, my soul, and forget not all his benefits.",부정 명령문 forget not,내 영혼아 여호와를 송축하며 그의 모든 은택을 잊지 말지어다.
79,Ps 103:8,"The LORD is compassionate and gracious, slow to anger, abounding in love.",형용사 수식 구조 (slow to / abounding in),여호오는 자비로우시고 은혜로우시며 노하기를 더디 하시고 인자하심이 풍부하시도다.
80,Ps 103:12,"As far as the east is from the west, so far has he removed our transgressions from us.","As far as A, so far B (비교/도치)",동이 서에서 먼 것 같이 우리의 죄과를 우리에게서 멀리 옮기셨으며
81,Ps 107:1,"Give thanks to the LORD, for he is good; his love endures forever.",반복적 찬양 구문 (endure forever),여호와께 감사하라 그는 선하시며 그 인자하심이 영원함이로다.
82,Ps 118:24,The LORD has done it this very day; let us rejoice today and be glad.,this very day (바로 오늘) 강조,이 날은 여호와께서 정하신 것이라 이 날에 우리가 즐거워하고 기뻐하리로다.
83,Ps 119:11,I have hidden your word in my heart that I might not sin against you.,목적 접속사 that ~ might not,내가 주께 범죄하지 아니하려 하여 주의 말씀을 내 마음에 두었나이다.
84,Ps 119:105,"Your word is a lamp for my feet, a light on my path.",대칭 은유 구조 (a lamp / a light),주의 말씀은 내 발에 등이요 내 길에 빛이니이다.
85,Ps 119:114,You are my refuge and my shield; I have put my hope in your word.,현재완료 have put my hope,주는 나의 피난처시요 방패시라 내가 주의 말씀을 바라나이다.
86,Ps 121:1,I lift up my eyes to the mountains—where does my help come from?,자문 구문 (의문문 형태),내가 산을 향하여 눈을 들리라 나의 도움이 어디서 올까
87,Ps 121:2,"My help comes from the LORD, the Maker of heaven and earth.",동격 명사구 (the Maker of ~),나의 도움은 천지를 지으신 여호와에게서로다.
88,Ps 121:3,He will not let your foot slip—he who watches over you will not slumber.,사역동사 let + O + 원형,여호와께서 너를 실족하지 아니하게 하시며 너를 지키시는 이가 졸지 아니하시리로다.
89,Ps 121:8,The LORD will watch over your coming and going both now and forevermore.,both A and B (A와 B 둘 다),여호와께서 너의 출입을 지금부터 영원까지 지키시리로다.
90,Ps 126:5,Those who sow with tears will reap with songs of joy.,Those who ~ (~하는 사람들),눈물을 흘리며 씨를 뿌리는 자는 기쁨으로 거두리로다.
91,Ps 127:1,"Unless the LORD builds the house, the builders labor in vain.",조건 접속사 Unless (~하지 않으면),여호와께서 집을 세우지 아니하시면 세우는 자의 수고가 허사이며
92,Ps 133:1,How good and pleasant it is when God’s people live together in unity!,가주어 it - 진주어 when절 감탄문,보라 형제가 연합하여 동거함이 어찌 그리 선하고 아름다운고
93,Ps 136:1,"Give thanks to the LORD, for he is good. His love endures forever.",감사 표현 반복 구문,여호와께 감사하라 그는 선하시며 그 인자하심이 영원함이로다.
94,Ps 139:1,"You have searched me, LORD, and you know me.",현재완료 have searched,여호와여 주께서 나를 살펴보셨으므로 나를 아시나이다.
95,Ps 139:13,For you created my inmost being; you knit me together in my mother’s womb.,은유적 동사 knit together (땋다/엮다),주께서 내 내장을 지으시며 나의 모태에서 나를 만드셨나이다.
96,Ps 139:14,I praise you because I am fearfully and wonderfully made.,수동태 + 부사 수식 (fearfully and wonderfully),내가 주께 감사하옴은 나를 지으심이 신묘막측하심이라.
97,Ps 139:23,"Search me, God, and know my heart; test me and know my anxious thoughts.",명령문 병렬 구조,하나님이여 나를 살피사 내 마음을 아시며 나를 시험하사 내 뜻을 아옵소서.
98,Ps 139:24,"See if there is any offensive way in me, and lead me in the way everlasting.",See if ~ (~가 있는지 확인하다),내게 무슨 악한 행위가 있나 보시고 나를 영원한 길로 인도하소서.
99,Ps 143:8,"Let the morning bring me word of your unfailing love, for I have put my trust in you.",사역동사 Let + O + 원형,아침에 나로 하여금 주의 인자한 말씀을 듣게 하소서 내가 주를 의뢰함이니이다.
100,Ps 150:6,Let everything that has breath praise the LORD. Praise the LORD.,관계대명사 that + 사역동사 구문,호흡이 있는 자마다 여호와를 찬양할지어다 할렐루야.
101,Prov 1:7,"The fear of the LORD is the beginning of knowledge, but fools despise wisdom and instruction.",명사구 주어 + 대조 접속사 but,여호와를 경외하는 것이 지식의 근본이거늘 미련한 자는 지혜와 훈계를 멸시하느니라.
102,Prov 3:5,Trust in the LORD with all your heart and lean not on your own understanding.,병렬 명령문 (Trust ... and lean not),너는 마음을 다하여 여호와를 신뢰하고 네 명철을 의지하지 말라.
103,Prov 3:6,"In all your ways submit to him, and he will make your paths straight.",명령문 + and (~하라 그러면),너는 범사에 그를 인정하라 그리하면 네 길을 지도하시리라.
104,Prov 4:23,"Above all else, guard your heart, for everything you do flows from it.",숙어 Above all else (무엇보다도) + 목적격 관계대명사 생략,모든 지킬 만한 것 중에 더욱 네 마음을 지키라 생명의 근원이 이에서 남이니라.
105,Prov 9:10,"The fear of the LORD is the beginning of wisdom, and knowledge of the Holy One is understanding.",명사 수식 및 대칭 문장 구조,여호와를 경외하는 것이 지혜의 근본이요 거룩하신 자를 아는 것이 명철이니라.
106,Prov 15:1,"A gentle answer turns away wrath, but a harsh word stirs up anger.","동사 + 부사 조합 (turn away, stir up)",유순한 대답은 분노를 쉬게 하여도 과격한 말은 노를 작동하느니라.
107,Prov 16:3,"Commit to the LORD whatever you do, and he will establish your plans.",복합관계대명사 whatever (네가 하는 무엇이든지),너의 행사를 여호와께 맡기라 그리하면 네가 경영하는 것이 이루어지리라.
108,Prov 16:9,"In their hearts humans plan their course, but the LORD establishes their steps.","대조 구문 (humans plan ..., but the LORD establishes ...)",사람이 마음으로 자기의 길을 계획할지라도 그의 걸음을 인도하시는 이는 여호와시니라.
109,Prov 16:18,"Pride goes before destruction, a haughty spirit before a fall.",대꾸법 (동사 goes 생략 구문),교만은 패망의 선봉이요 거만한 마음은 넘어짐의 앞잡이니라.
110,Prov 17:22,"A cheerful heart is good medicine, but a crushed spirit dries up the bones.",대조적인 형용사 수식 (cheerful vs crushed),마음의 즐거움은 양약이라도 심령의 근심은 뼈를 마르게 하느니라.
111,Prov 18:10,The name of the LORD is a fortified tower; the righteous run to it and are safe.,수동태 보어 are safe,여호와의 이름은 견고한 망대라 의인은 그리로 달려가서 안전함을 얻느니라.
112,Prov 27:17,"As iron sharpens iron, so one person sharpens another.","As A, so B (A가 그러하듯 B도 그러하다)",철이 철을 날카롭게 하는 것 같이 사람이 그의 친구의 얼굴을 빛나게 하느니라.
113,Eccles 3:1,"There is a time for everything, and a season for every activity under the heavens.",There is ~ for ... (~를 위한 때가 있다),범사에 기한이 있고 천하 만사가 다 때가 있나니
114,Eccles 3:11,He has made everything beautiful in its time.,make + O + C (5형식 문장),하나님이 모든 것을 지으시되 때를 따라 아름답게 하셨고
115,Eccles 12:1,Remember your Creator in the days of your youth.,전치사구 in the days of,너는 청년의 때에 너의 창조주를 기억하라.
116,Eccles 12:13,"Fear God and keep his commandments, for this is the duty of all mankind.",접속사 for + 명사구 the duty of ~,하나님을 경외하고 그의 명령들을 지킬지어다 이것이 모든 사람의 본분이니라.
117,Isa 6:8,"Then I heard the voice of the Lord saying, ""Whom shall I send? And who will go for us?""",지각동사 hear + O + -ing,내가 또 주의 목소리를 들으니 주께서 이르시되 내가 누구를 보내며 누가 우리를 위하여 갈꼬 하시니
118,Isa 9:6,"For to us a child is born, to us a son is given.",수동태 문장의 도치 강조,이는 한 아기가 우리에게 났고 한 아들을 우리에게 주신 바 되었는데
119,Isa 26:3,"You will keep in perfect peace those whose minds are steadfast, because they trust in you.",소유격 관계대명사 whose절 + 목적어 도치,주께서 심지가 견고한 자를 평강에 평강으로 지키시리니 이는 그가 주를 신뢰함이니이다.
120,Isa 40:8,"The grass withered and the flowers fall, but the word of our God endures forever.",시제 대조 및 자동사 endure,풀은 말르고 꽃은 시드나 우리 하나님의 말씀은 영원히 서리라 하라.
121,Isa 40:29,He gives strength to the weary and increases the power of the weak.,병렬 동사 (gives ... and increases ...),피곤한 자에게는 능력을 주시며 무능한 자에게는 힘을 더하시나니
122,Isa 40:31,But those who hope in the LORD will renew their strength. They will soar on wings like eagles.,Those who ~ + 직유법 like eagles,오직 여호와를 바라는 자는 새 힘을 얻으리니 독수리가 날개치며 올라감 같을 것이요
123,Isa 41:10,"So do not fear, for I am with you; do not be dismayed, for I am your God.",이유의 접속사 for의 반복 사용,두려워하지 말라 내가 너와 함께 함이라 놀라지 말라 나는 네 하나님이 됨이라.
124,Isa 43:1,"Do not fear, for I have redeemed you; I have summoned you by name; you are mine.",현재완료 시제 (have redeemed / have summoned),너는 두려워하지 말라 내가 너를 구속하였고 내가 너를 지명하여 부르나니 너는 내 것이라.
125,Isa 43:19,"See, I am doing a new thing! Now it springs up; do you not perceive it?",진행형 시제 am doing + 의문문,보라 내가 새 일을 행하리니 이제 나타낼 것이라 너희가 그것을 알지 못하겠느냐
126,Isa 53:5,"But he was pierced for our transgressions, he was crushed for our iniquities.",수동태 구문 (was pierced / was crushed),그가 수심은 우리의 허물 때문이요 그가 상함은 우리의 죄악 때문이라.
127,Isa 53:6,"We all, like sheep, have gone astray, each of us has turned to our own way.",현재완료 have gone astray (길을 잃다),우리는 다 양 같아서 그릇 행하여 각기 제 길로 갔거늘
128,Isa 55:6,Seek the LORD while he may be found; call on him while he is near.,시간 부사절 while ~,너희는 여호와를 만날 만한 때에 찾으라 가까이 계실 때에 그를 부르라.
129,Isa 55:8,"""For my thoughts are not your thoughts, neither are your ways my ways,"" declares the LORD.",부정어 도치 구문 (neither are S V),이는 내 생각이 너희의 생각과 다르며 내 길은 너희의 길과 다름이니라 여호와의 말씀이니라.
130,Isa 58:11,The LORD will guide you always; he will satisfy your needs in a sun-scorched land.,복합 형용사 sun-scorched (볕에 바랜),여호와가 너를 항상 인도하여 메마른 곳에서도 네 영혼을 만족하게 하며
131,Jer 17:7,"But blessed is the one who trusts in the LORD, whose confidence is in him.",보어 도치 + 소유격 관계대명사 whose,그러나 무릇 여호와를 의지하며 여호와를 의뢰하는 그 사람은 복을 받을 것이라.
132,Jer 29:11,"""For I know the plans I have for you,"" declares the LORD, ""plans to prosper you and not to harm you.""",목적격 관계대명사 생략 + to 부정사 형용사적 용법,여호와의 말씀이니라 너희를 향한 나의 생각을 내가 아나니 평안이요 재앙이 아니니라
133,Jer 29:12,"Then you will call on me and come and pray to me, and I will listen to you.","연속 동작 동사 나열 (call ..., come ... and pray)",너희가 내게 부르짖으며 내게 와서 기도하면 내가 너희들의 기도를 들을 것이요
134,Jer 29:13,You will seek me and find me when you seek me with all your heart.,시간 부사절 when ~ + with all your heart,너희가 온 마음으로 나를 구하면 나를 찾을 것이요 나를 만나리라.
135,Jer 33:3,Call to me and I will answer you and tell you great and unsearchable things you do not know.,명령문 + and + 관계대명사 생략,너는 내게 부르짖으라 내가 네게 응답하겠고 네가 알지 못하는 크고 은밀한 일을 네게 보이리라.
136,Lam 3:22,"Because of the LORD’s great love we are not consumed, for his compassions never fail.",전치사 Because of + 접속사 for,여호와의 인자와 자비가 무궁하시므로 우리가 진멸되지 아니함이니이다.
137,Lam 3:23,They are new every morning; great is your faithfulness.,형용사 보어 도치 (great is S),이것들이 아침마다 새로우니 주의 성실하심이 크시도소이다.
138,Ezek 36:26,I will give you a new heart and put a new spirit in you.,4형식 구조 (give A B),또 새 영을 너희 속에 두고 새 마음을 너희에게 주되
139,Dan 12:3,Those who are wise will shine like the brightness of the heavens.,Those who ~ + 직유법 like ~,지혜 있는 자는 궁창의 빛과 같이 빛날 것이요
140,Joel 2:28,I will pour out my Spirit on all people. Your sons and daughters will prophesy.,구동사 pour out (쏟아붓다),내가 내 영을 만민에게 부어 주리니 너희 자녀들이 장래 일을 말할 것이며
141,Amos 5:24,"But let justice roll on like a river, righteousness like a never-failing stream!",사역동사 let + O + 원형,"오직 정의를 물 같이, 공의를 마르지 않는 시내 같이 흐르게 할지어다."
142,Mic 6:8,To act justly and to love mercy and to walk humbly with your God.,to 부정사 명사적 용법의 병렬 연결,오직 정의를 행하며 인자를 사랑하며 겸손하게 네 하나님과 함께 행하는 것이 아니냐
143,Hab 3:17,Though the fig tree does not bud ... yet I will rejoice in the LORD.,"양보 접속사 Though ..., yet ...",비록 무화과나무가 무성하지 못하며 ... 나는 여호와로 말미암아 즐거워하며
144,Hab 3:18,I will be joyful in God my Savior.,전치사구 수식 (in God my Savior),나의 구원의 하나님으로 말미암아 기뻐하리로다.
145,Zeph 3:17,"The LORD your God is with you, the Mighty Warrior who saves.",관계대명사 who 수식절,너의 하나님 여호와가 너의 가운데에 계시니 그는 구원을 베푸실 전능자이시라.
146,Zech 4:6,"Not by might nor by power, but by my Spirit,' says the LORD Almighty.","Not by A nor by B, but by C (A나 B가 아닌 C로)",이는 힘으로 되지 아니하며 능으로 되지 아니하고 오직 나의 영으로 되느니라
147,Mal 3:10,"Bring the whole tithe into the storehouse, that there may be food in my house.",so that ~ may 목적 (~하도록),온전한 십일조를 창고에 들여 나의 집에 양식이 있게 하고
148,Matt 4:4,"Man shall not live on bread alone, but on every word that comes from the mouth of God.",not A but B + 관계대명사 that,사람이 떡으로만 살 것이 아니요 하나님의 입으로부터 나오는 모든 말씀으로 살 것이라
149,Matt 5:3,"Blessed are the poor in spirit, for theirs is the kingdom of heaven.",보어 도치 문장 + 소유대명사 theirs,심령이 가난한 자는 복이 있나니 천국이 그들의 것임이요
150,Matt 5:14,You are the light of the world. A town built on a hill cannot be hidden.,과거분사 built on a hill 수식,너희는 세상의 빛이라 산 위에 있는 동네가 숨겨지지 못할 것이요
151,Matt 5:16,"Let your light shine before others, that they may see your good deeds and glorify your Father.",사역동사 Let + 목적절 that ~ may,이같이 너희 빛이 사람 앞에 비치게 하여 그들로 너희 착한 행실을 보고 하늘에 계신 너희 아버지께 영광을 돌리게 하라.
152,Matt 6:9,"Our Father in heaven, hallowed be your name.",가정법 기원문 형태 (hallowed be ~),하늘에 계신 우리 아버지여 이름이 거룩히 여김을 받으시오며
153,Matt 6:10,"Your kingdom come, your will be done, on earth as it is in heaven.",대칭적 기원문 구조,나라가 임하시오며 뜻이 하늘에서 이루어진 것 같이 땅에서도 이루어지이다.
154,Matt 6:33,"But seek first his kingdom and his righteousness, and all these things will be given to you as well.",명령문 + and + 수동태 will be given,그런즉 너희는 먼저 그의 나라와 그의 의를 구하라 그리하면 이 모든 것을 너희에게 더하시리라.
155,Matt 6:34,"Therefore do not worry about tomorrow, for tomorrow will worry about itself.",재귀대명사 itself 강조,그러므로 내일 일을 위하여 염려하지 말라 내일 일은 내일이 염려할 것이요
156,Matt 7:7,Ask and it will be given to you; seek and you will find; knock and the door will be opened to you.,세 대목의 명령문 + and 병렬 구조,구하라 그리하면 너희에게 주실 것이요 찾으라 그리하면 찾아낼 것이요 문을 두드리라 그리하면 너희에게 열릴 것이니
157,Matt 7:12,"So in everything, do to others what you would have them do to you.",관계대명사 what + have + O + 원형,그러므로 무엇이든지 남에게 대접을 받고자 하는 대로 너희도 남을 대접하라
158,Matt 11:28,"Come to me, all you who are weary and burdened, and I will give you rest.",all you who ~ (~하는 너희 모든 자들아),수고하고 짐 진 자들아 다 내게로 오라 내가 너희를 쉬게 하리라.
159,Matt 11:29,"Take my yoke upon you and learn from me, for I am gentle and humble in heart.",동사 병렬 (Take ... and learn),나는 마음이 온유하고 겸손하니 나의 멍에를 메고 내게 배우라
160,Matt 16:24,Whoever wants to be my disciple must deny themselves and take up their cross and follow me.,복합관계대명사 Whoever 주어절,누구든지 나를 따라오려거든 자기를 부인하고 자기 십자가를 지고 나를 따를 것이니라.
161,Matt 18:20,"For where two or three gather in my name, there am I with them.",장소 부사절 where ~ + 도치 문장,두세 사람이 내 이름으로 모인 곳에는 나도 그들 중에 있느니라.
162,Matt 19:26,"With man this is impossible, but with God all things are possible.",전치사구 대조 (With man vs with God),사람으로는 할 수 없으나 하나님으로는 다 하실 수 있느니라.
163,Matt 22:37,Love the Lord your God with all your heart and with all your soul and with all your mind.,전치사 with 삼중 나열 강조,네 마음을 다하고 목숨을 다하고 뜻을 다하여 주 너의 하나님을 사랑하라
164,Matt 22:39,And the second is like it: 'Love your neighbor as yourself.',전치사 like + as yourself (너 자신처럼),둘째도 그와 같으니 네 이웃을 네 자신 같이 사랑하라 하셨으니
165,Matt 28:19,"Therefore go and make disciples of all nations, baptizing them in the name of the Father.",분사구문 baptizing ~ (부대상황),그러므로 너희는 가서 모든 민족을 제자로 삼아 아버지와 아들과 성령의 이름으로 세례를 베풀고
166,Matt 28:20,"And surely I am with you always, to the very end of the age.",부사 surely + 전치사구 to the very end,볼지어다 내가 세상 끝날까지 너희와 항상 함께 있으리라 하시니라.
167,Mark 9:23,"""‘If you can’?"" said Jesus. ""Everything is possible for one who believes.""",one who ~ (~하는 자),예수께서 이르시되 할 수 있거든이 무슨 말이냐 믿는 자에게는 능히 하지 못할 일이 없느니라 하시니
168,Mark 10:27,"Jesus looked at them and said, ""With man this is impossible, but not with God; all things are possible with God.""",세미콜론(;)을 활용한 문장 부연 설명,예수께서 그들을 보시며 이르시되 사람으로는 할 수 없으되 하나님으로는 그렇지 아니하니 하나님으로서는 다 하실 수 있느니라.
169,Mark 10:45,"For even the Son of Man did not come to be served, but to serve, and to give his life as a ransom for many.","not to A, but to B (A받으러 온 것이 아니라 B하러)",인자가 온 것은 섬김을 받으려 함이 아니라 도리어 섬기려 하고 자기 목숨을 많은 사람의 대속물로 주려 함이니라.
170,Mark 11:24,"Therefore I tell you, whatever you ask for in prayer, believe that you have received it, and it will be yours.",복합관계대명사 whatever + 현재완료,그러므로 내가 너희에게 말하노니 무엇이든지 기도하고 구하는 것은 받은 줄로 믿으라 그리하면 너희에게 그대로 되리라.
171,Mark 12:30,Love the Lord your God with all your heart and with all your soul and with all your mind and with all your strength.,전치사 with 사중 나열 강조,네 마음을 다하고 목숨을 다하고 뜻을 다하고 힘을 다하여 주 너의 하나님을 사랑하라 하신 것이요
172,Luke 1:37,For no word from God will ever fail.,주어 부정 (no word ... will fail),대저 하나님의 모든 말씀은 능하지 못하심이 없느니라.
173,Luke 2:14,"Glory to God in the highest heaven, and on earth peace to those on whom his favor rests.",전치사 + 관계대명사 on whom,지극히 높은 곳에서는 하나님께 영광이요 땅에서는 하나님이 기뻐하신 사람들 중에 평화로다 하니라.
174,Luke 6:27,"But to you who are listening I say: Love your enemies, do good to those who hate you.",관계대명사 수식절 (to you who ...),그러나 너희 듣는 자에게 내가 이르노니 너희 원수를 사랑하며 너희를 미워하는 자를 선대하며
175,Luke 6:31,Do to others as you would have them do to you.,양태 접속사 as + 5형식 사역구문,남에게 대접을 받고자 하는 대로 너희도 남을 대접하라.
176,Luke 6:36,"Be merciful, just as your Father is merciful.",접속사 just as (~와 똑같이),너희 아버지의 자비로우심 같이 너희도 자비로운 자가 되라.
177,Luke 6:37,"Do not judge, and you will not be judged. Do not condemn, and you will not be condemned. Forgive, and you will be forgiven.",부정명령문 + and + 수동태 3연속,비판하지 말라 그리하면 너희가 비판을 받지 않을 것이요 정죄하지 말라 그리하면 너희가 정죄를 받지 않을 것이요 용서하라 그리하면 너희가 용서를 받을 것이요
178,Luke 6:38,"Give, and it will be given to you. A good measure, pressed down, shaken together and running over, will be poured into your lap.","과거분사 병렬 수식 (pressed ..., shaken ..., running ...)",주라 그리하면 너희에게 줄 것이니 곧 후히 되어 누르고 흔들어 넘치도록 하여 너희에게 안겨 주리라.
179,Luke 9:23,Whoever wants to be my disciple must deny themselves and take up their cross daily and follow me.,Whoever절 + 부사 daily 강조,누구든지 나를 따라오려거든 자기를 부인하고 날마다 제 십자가를 지고 나를 따를 것이니라.
180,Luke 10:27,"Love the Lord your God ... and, 'Love your neighbor as yourself.'",성경의 핵심 계명 요약 구문,네 마음을 다하며 목숨을 다하며 힘을 다하며 뜻을 다하여 주 너의 하나님을 사랑하고 또한 네 이웃을 네 자신 같이 사랑하라
181,Luke 11:9,So I say to you: Ask and it will be given to you; seek and you will find; knock and the door will be opened to you.,"Ask ..., seek ..., knock ... 대칭 구문",내가 또 너희에게 이르노니 구하라 그러면 너희에게 주실 것이요 찾으라 그러면 찾아낼 것이요 문을 두드리라 그러면 너희에게 열릴 것이니
182,Luke 12:32,"Do not be afraid, little flock, for your Father has been pleased to give you the kingdom.",숙어 be pleased to V (~하기를 기뻐하다),적은 무리여 두려워하지 말라 너희 아버지께서 그 나라를 너희에게 주시기를 기뻐하시느니라.
183,Luke 12:34,"For where your treasure is, there your heart will be also.","장소 부사절 where A, there B",너희 보물 있는 곳에는 너희 마음도 있으리라.
184,Luke 15:7,I tell you that in the same way there will be more rejoicing in heaven over one sinner who repents than over ninety-nine righteous persons who do not need to repent.,비교급 more A ... than B + 관계대명사,내가 너희에게 이르노니 이와 같이 죄인 한 사람이 회개하면 하늘에서는 회개할 것 없는 의인 아흔아홉으로 말미암아 기뻐하는 것보다 더하리라.
185,Luke 16:10,Whoever can be trusted with very little can also be trusted with much.,수동태 구문 (can be trusted with ~),집극히 작은 것에 충성된 자는 큰 것에도 충성되고
186,Luke 18:27,"Jesus replied, ""What is impossible with man is possible with God.""",관계대명사 What (주어절),이르시되 무릇 사람이 할 수 없는 것을 하나님은 하실 수 있느니라.
187,Luke 19:10,For the Son of Man came to seek and to save the lost.,to 부정사 목적 + 명사화된 형용사 the lost,인자가 온 것은 잃어버린 자를 찾아 구원하려 함이니라.
188,Luke 23:34,"Jesus said, ""Father, forgive them, for they do not know what they are doing.""",이유의 접속사 for + 간접의문문 what S V,이에 예수께서 이르시되 아버지 저들을 사하여 주옵소서 자기들이 하는 것을 알지 못함이니이다 하시더라
189,John 1:1,"In the beginning was the Word, and the Word was with God, and the Word was God.",보어/주어 도치 구문 (In the beginning was S),태초에 말씀이 계시니라 이 말씀이 하나님과 함께 계셨으니 이 말씀은 곧 하나님이시니라.
190,John 1:12,"Yet to all who did receive him, to those who believed in his name, he gave the right to become children of God.",to all who ~ + right to V (할 권리),영접하는 자 곧 그 이름을 믿는 자들에게는 하나님의 자녀가 되는 권세를 주셨으니
191,John 1:14,The Word became flesh and made his dwelling among us.,숙어 make one's dwelling (거하다/거처를 삼다),말씀이 육신이 되어 우리 가운데 거하시매
192,John 3:3,"Jesus replied, ""Very truly I tell you, no one can see the kingdom of God unless they are born again.""",조건 접속사 unless (~하지 않는 한),예수께서 대답하여 이르시되 진실로 진실로 네게 이르노니 사람이 거듭나지 아니하면 하나님의 나라를 볼 수 없느니라.
193,John 3:16,"For God so loved the world that he gave his one and only Son, that whoever believes in him shall not perish but have eternal life.",so ~ that ... (너무 ~해서 …하다) + not A but B,하나님이 세상을 이처럼 사랑하사 독생자를 주셨으니 이는 그를 믿는 자마다 멸망하지 않고 영생을 얻게 하려 하심이라.
194,John 3:17,"For God did not send his Son into the world to condemn the world, but to save the world through him.","not A to V, but B to V 목적 대조",하나님이 그 아들을 세상에 보내신 것은 세상을 심판하려 하심이 아니요 그로 말미암아 세상이 구원을 받게 하려 하심이라.
195,John 4:24,"God is spirit, and his worshipers must worship in the Spirit and in truth.",조동사 must + 전치사구 in Spirit and in truth,하나님은 영이시니 예배하는 자가 영과 진리로 예배할지니라.
196,John 6:35,"Then Jesus declared, ""I am the bread of life. Whoever comes to me will never go hungry, and whoever believes in me will never be thirsty.""",Whoever절 병렬 + 이중 부정 강조 (never),예수께서 이르시되 나는 생명의 떡이니 내게 오는 자는 결코 주리지 아니할 터이요 나를 믿는 자는 영원히 목마르지 아니하리라.
197,John 8:12,"""I am the light of the world. Whoever follows me will never walk in darkness, but will have the light of life.""","Whoever절 + 대조 구조 never walk ..., but will have ...",나는 세상의 빛이니 나를 따르는 자는 어둠에 다니지 아니하고 생명의 빛을 얻으리라.
198,John 8:31,"Jesus said, ""If you hold to my teaching, you are really my disciples.""",조건절 If ~ + 숙어 hold to (지키다/고수하다),너희가 내 말에 거하면 참으로 내 제자가 되고
199,John 8:32,"""Then you will know the truth, and the truth will set you free.""",5형식 구동사 set + O + free (자유롭게 하다),진리를 알지니 진리가 너희를 자유롭게 하리라.
200,John 10:10,"The thief comes only to steal and kill and destroy; I have come that they may have life, and have it to the full.",that ~ may 목적절 + 숙어 to the full (풍성히),도둑이 오는 것은 도둑질하고 죽이고 멸망시키려는 것뿐이요 내가 온 것은 양으로 생명을 얻게 하고 더 풍성히 얻게 하려는 것이라.
201,John 10:11,I am the good shepherd. The good shepherd lays down his life for the sheep.,구동사 lay down (목숨을 버리다/놓다),나는 선한 목자라 선한 목자는 양들을 위하여 목숨을 버리거니와
202,John 11:25,"Jesus said to her, ""I am the resurrection and the life. The one who believes in me will live, even though they die;""",The one who ~ + 양보 접속사 even though,예수께서 이르시되 나는 부활이요 생명이니 나를 믿는 자는 죽어도 살겠고
203,John 11:26,"""...and whoever lives by believing in me will never die. Do you believe this?""",by + -ing (~함으로써) + 이중 부정 never,무릇 살아서 나를 믿는 자는 영원히 죽지 아니하리니 이것을 네가 믿느냐
204,John 13:34,"A new command I give you: Love one another. As I have loved you, so you must love one another.","목적어 도치 + As I ..., so you ... 구조",새 계명을 너희에게 주노니 서로 사랑하라 내가 너희를 사랑한 것 같이 너희도 서로 사랑하라
205,John 13:35,"By this everyone will know that you are my disciples, if you love one another.",By this ~ if ... (만약 ~라면 이것으로 알리라),너희가 서로 사랑하면 이로써 모든 사람이 너희가 내 제자인 줄 알리라
206,John 14:1,Do not let your hearts be troubled. You believe in God; believe also in me.,5형식 사역동사 let + O + 원형(수동형),너희는 마음에 근심하지 말라 하나님을 믿으니 또 나를 믿으라
207,John 14:6,"Jesus answered, ""I am the way and the truth and the life. No one comes to the Father except through me.""",전치사 except (~를 제외하고는 / 외에는),예수께서 이르시되 내가 곧 길이요 진리요 생명이니 나로 말미암지 않고는 아버지께로 올 자가 없느니라
208,John 14:15,"If you love me, keep my commands.",직설법 조건절 If + 주어 + 현재동사,너희가 나를 사랑하면 나의 계명을 지키리라
209,John 14:27,Peace I leave with you; my peace I give you. I do not give to you as the world gives.,목적어 도치 (Peace I leave) + 비교 접속사 as,평안을 너희에게 끼치노니 곧 나의 평안을 너희에게 주노라 내가 너희에게 주는 것은 세상이 주는 것과 같지 아니하니라
210,John 15:5,"I am the vine; you are the branches. If you remain in me and I in you, you will bear much fruit; apart from me you can do nothing.",전치사구 apart from me (~와 떨어져서는),"나는 포도나무요 너희는 가지라 그가 내 안에, 내가 그 안에 거하면 사람이 열매를 많이 맺나니 나를 떠나서는 너희가 아무 것도 할 수 없음이라"
211,John 15:7,"If you remain in me and my words remain in you, ask whatever you wish, and it will be done for you.",ask + whatever절 + 명령문 + and,너희가 내 안에 거하고 내 말이 너희 안에 거하면 무엇이든지 원하는 대로 구하라 그리하면 이루리라
212,John 15:12,My command is this: Love each other as I have loved you.,양태 접속사 as + 현재완료 시제,내 계명은 곧 내가 너희를 사랑한 것 같이 너희도 서로 사랑하라 하는 이것이니라
213,John 15:13,Greater love has no one than this: to lay down one’s life for one’s friends.,비교급 도치 강조 + to 부정사 동격,사람이 친구를 위하여 자기 목숨을 버리면 이보다 더 큰 사랑이 없나니
214,John 16:33,"I have told you these things, so that in me you may have peace. In this world you will have trouble. But take heart! I have overcome the world.",so that ~ may 목적절 + 관용구 take heart (담대하라),이것을 너희에게 이르는 것은 너희로 내 안에서 평안을 누리게 하려 함이라 세상에서는 너희가 환난을 당하나 담대하라 내가 세상을 이기었노라
215,John 17:3,"Now this is eternal life: that they know you, the only true God, and Jesus Christ, whom you have sent.",명사절 접속사 that + 관계대명사 whom,영생은 곧 유일하신 참 하나님과 그가 보내신 자 예수 그리스도를 아는 것이니이다
216,Acts 1:8,But you will receive power when the Holy Spirit comes on you; and you will be my witnesses.,시간 부사절 when ~ + 명사 수식,오직 성령이 너희에게 임하시면 너희가 권능을 받고 ... 내 증인이 되리라 하시니라
217,Acts 2:38,"Peter replied, ""Repent and be baptized, every one of you, in the name of Jesus Christ for the forgiveness of your sins.""",동사 병렬 + 전치사구 for the forgiveness of,피터가 이르되 너희가 회개하여 각각 예수 그리스도의 이름으로 세례를 받고 죄 사함을 받으라
218,Acts 4:12,"Salvation is found in no one else, for there is no other name under heaven given to mankind by which we must be saved.",전치사 + 관계대명사 by which + 과거분사 수식,다른 이로써는 구원을 받을 수 없나니 천하 사람 중에 구원을 받을 만한 다른 이름을 우리에게 주신 일이 없음이라 하였더라
219,Acts 16:31,"They replied, ""Believe in the Lord Jesus, and you will be saved—you and your household.""",명령문 + and + 대시(—)를 통한 동격 부연,이르되 주 예수를 믿으라 그리하면 너와 네 집이 구원을 받으리라 하고
220,Acts 20:24,"However, I consider my life worth nothing to me; my only aim is to finish the race.",5형식 구조 (consider + O + C) + to 부정사 보어,내가 달려갈 길과 주 예수께 받은 사명 ... 을 마치려 함에는 나의 생명조차 조금도 귀한 것으로 여기지 아니하노라
221,Acts 20:35,...remembering the words the Lord Jesus himself said: 'It is more blessed to give than to receive.',분사구문 + 가주어/진주어 비교급 (It is more A to V1 than to V2),주 예수께서 친히 말씀하신 바 주는 것이 받는 것보다 복이 있다 하심을 기억하여야 할지니라
222,Rom 1:16,"For I am not ashamed of the gospel, because it is the power of God that brings salvation to everyone who believes.",숙어 be ashamed of + 강조 구문 it is ... that,내가 복음을 부끄러워하지 아니하노니 이 복음은 모든 믿는 자에게 구원을 주시는 하나님의 능력이 됨이라
223,Rom 1:17,For in the gospel the righteousness of God is revealed—a righteousness that is by faith from first to last.,수동태 + 관계대명사 that절 수식,복음에는 하나님의 의가 나타나서 믿음으로 믿음에 이르게 하나니
224,Rom 3:23,For all have sinned and fall short of the glory of God.,숙어 fall short of (~에 미치지 못하다/부족하다),모든 사람이 죄를 범하였으매 하나님의 영광에 이르지 못하더니
225,Rom 5:1,"Therefore, since we have been justified through faith, we have peace with God through our Lord Jesus Christ.",이유 접속사 since + 현재완료 수동태 (have been justified),그러므로 우리가 믿음으로 의롭다 하심을 받았으니 우리 주 예수 그리스도로 말미암아 하나님과 화평을 누리자
226,Rom 5:8,"But God demonstrates his own love for us in this: While we were still sinners, Christ died for us.",시간 접속사 While ~ + 동사 demonstrate,우리가 아직 죄인 되었을 때에 그리스도께서 우리를 위하여 죽으심으로 하나님께서 우리에 대한 자기의 사랑을 확증하셨느니라
227,Rom 6:23,"For the wages of sin is death, but the gift of God is eternal life in Christ Jesus our Lord.",명사 대조 구조 (wages of sin vs gift of God),죄의 삯은 사망이요 하나님의 은사는 그리스도 예수 우리 주 안에 있는 영생이니라
228,Rom 8:1,"Therefore, there is now no condemnation for those who are in Christ Jesus.",명사 condemnation (정죄/비난) + those who ~,그러므로 이제 그리스도 예수 안에 있는 자에게는 결코 정죄함이 없나니
229,Rom 8:28,"And we know that in all things God works for the good of those who love him, who have been called according to his purpose.",관계대명사 who절 이중 수식 구조,우리가 알거니와 하나님을 사랑하는 자 곧 그의 뜻대로 부르심을 입은 자들에게는 모든 것이 합력하여 선을 이루느니라
230,Rom 8:31,"What, then, shall we say in response to these things? If God is for us, who can be against us?",조건절 If ~ + 대조 전치사 (for vs against),그런즉 이 일에 대하여 우리가 무슨 말 하리요 만일 하나님이 우리를 위하시면 누가 우리를 대적하리요
231,Rom 8:38,"For I am convinced that neither death nor life, neither angels nor demons ...",숙어 be convinced that + neither A nor B,내가 확신하노니 사망이나 생명이나 천사들이나 권세자들이나 ...
232,Rom 8:39,"...nor height nor depth, nor anything else in all creation, will be able to separate us from the love of God.",숙어 separate A from B (A를 B에서 떼어놓다),높음이나 깊음이나 다른 어떤 피조물이라도 우리를 우리 주 그리스도 예수 안에 있는 하나님의 사랑에서 끊을 수 없으리라
233,Rom 12:1,"Therefore, I urge you, brothers and sisters, in view of God’s mercy, to offer your bodies as a living sacrifice.",5형식 구조 (urge + O + to V),그러므로 형제들아 내가 하나님의 모든 자비하심으로 너희를 권하노니 너희 몸을 하나님이 기뻐하시는 거룩한 산 제물로 드리라
234,Rom 12:2,"Do not conform to the pattern of this world, but be transformed by the renewing of your mind.","not A, but B + 수동태 be transformed",너희는 이 세대를 본받지 말고 오직 마음을 새롭게 함으로 변화를 받아
235,Rom 12:12,"Be joyful in hope, patient in affliction, faithful in prayer.",형용사 + 전치사구 삼중 병렬 구조,소망 중에 즐거워하며 환난 중에 참으며 기도에 항상 힘쓰며
236,Rom 12:21,"Do not be overcome by evil, but overcome evil with good.",능동/수동 대조 (be overcome by vs overcome with),악에게 지지 말고 선으로 악을 이기라
237,Rom 13:8,"Let no debt remain outstanding, except the continuing debt to love one another.",사역동사 let + O + 원형 + except ~,남강한 사랑의 줄 외에는 아무에게든지 아무 빚도 지지 말라
238,Rom 14:8,"If we live, we live for the Lord; and if we die, we die for the Lord. So, whether we live or die, we belong to the Lord.",양보 접속사 whether A or B + belong to,우리가 살아도 주를 위하여 살고 죽어도 주를 위하여 죽나니 그러므로 사나 죽으나 우리가 주의 것이로다
239,Rom 15:13,"May the God of hope fill you with all joy and peace as you trust in him, so that you may overflow with hope.",May + S + V (기원문) + so that ~ may,소망의 하나님이 모든 기쁨과 평강을 믿음 안에서 너희에게 충만하게 하사 성령의 능력으로 소망이 넘치게 하시기를 원하노라
240,1 Cor 1:18,"For the message of the cross is foolishness to those who are perishing, but to us who are being saved it is the power of God.",분사 수식절 대조 (those who are perishing vs us who are being saved),십자가의 도가 멸망하는 자들에게는 미련한 것이요 구원을 받는 우리에게는 하나님의 능력이라
241,1 Cor 2:9,"However, as it is written: ""What no eye has seen, what no ear has heard, and what no human mind has conceived""—the things God has prepared for those who love him.",관계대명사 what절 병렬 + 강조 도치,기록된 바 하나님이 자기를 사랑하는 자들을 위하여 예비하신 모든 것은 눈으로 보지 못하고 귀로 듣지 못하고 사람의 마음으로 생각하지도 못하였다 함과 같으니라
242,1 Cor 6:19,"Do you not know that your bodies are temples of the Holy Spirit, who is in you, whom you have received from God?",관계대명사 계속적 용법 (who ... whom ...),너희 몸은 너희가 하나님께로부터 받은 바 너희 가운데 계신 성령의 전인 줄을 알지 못하느냐
243,1 Cor 6:20,You were bought at a price. Therefore honor God with your bodies.,수동태 문장 + 전치사구 at a price (값을 치르고),너희는 값으로 산 것이 되었으니 그런즉 너희 몸으로 하나님께 영광을 돌리라
244,1 Cor 10:13,No temptation has overtaken you except what is common to mankind. And God is faithful; he will not let you be tempted beyond what you can bear.,except what절 + 사역동사 let + O + 원형,사람이 감당할 시험 외에는 너희가 당한 것이 없나니 오직 하나님은 미쁘사 너희가 감당하지 못할 시험 당함을 허락하지 아니하시고
245,1 Cor 10:31,"So whether you eat or drink or whatever you do, do it all for the glory of God.",접속사 whether A or B + 복합관계대명사 whatever,그런즉 너희가 먹든지 마시든지 무엇을 하든지 다 하나님의 영광을 위하여 하라
246,1 Cor 12:27,"Now you are the body of Christ, and each one of you is a part of it.",대명사 each one of you + 단수동사 is,너희는 그리스도의 몸이요 부분의 각 지체라
247,1 Cor 13:1,"If I speak in the tongues of men or of angels, but do not have love, I am only a resounding gong or a clanging cymbal.",가정법 현제/직설법 조건절 + 비유적 표현,내가 사람의 방언과 천사의 말을 할지라도 사랑이 없으면 소리 나는 구리와 울리는 꽹과리가 되고
248,1 Cor 13:4,"Love is patient, love is kind. It does not envy, it does not boast, it is not proud.",형용사 보어 및 부정 동사 나열 구조,사랑은 오래 참고 사랑은 온유하며 시기하지 아니하며 사랑은 자랑하지 아니하며 교만하지 아니하며
249,1 Cor 13:7,"It always protects, always trusts, always hopes, always perseveres.",부사 always + 동사 4연속 병렬,모든 것을 참으며 모든 것을 믿으며 모든 것을 바라며 모든 것을 견디느라
250,1 Cor 13:13,"And now these three remain: faith, hope and love. But the greatest of these is love.",도치 문장 (these three remain) + 최상급 the greatest,"그런즉 믿음, 소망, 사랑, 이 세 가지는 항상 있을 것인데 그 중의 제일은 사랑이라"
251,1 Cor 15:55,"""Where, O death, is your victory? Where, O death, is your sting?""",수사적 의문문 (도발적 수사법),사망아 너의 승리가 어디 있느냐 사망아 네가 쏘는 것이 어디 있느냐
252,1 Cor 15:57,But thanks be to God! He gives us the victory through our Lord Jesus Christ.,감탄/감사 관용구 thanks be to God,우리 주 예수 그리스도로 말미암아 우리에게 승리를 주시는 하나님께 감사하노니
253,1 Cor 15:58,"Therefore, my dear brothers and sisters, stand firm. Let nothing move you.",사역동사 Let + O + 원형,그러므로 내 사랑하는 형제들아 견실하며 흔들리지 말고 항상 주의 일에 더욱 힘쓰는 자들이 되라
254,1 Cor 16:13,Be on your guard; stand firm in the faith; be courageous; be strong.,명령문 4연속 나열,깨어 믿음에 서서 사나답게 강건하라
255,1 Cor 16:14,Do everything in love.,간결한 전치사구 수식 (in love),너희 모든 일을 사랑으로 행하라
256,2 Cor 4:16,"Therefore we do not lose heart. Though outwardly we are wasting away, yet inwardly we are being renewed day by day.","접속사 Though ..., yet ... + 진행형 수동태",그러므로 우리가 낙심하지 아니하노니 우리의 겉사람은 낡아지나 우리의 속사람은 날로 새로워지도다
257,2 Cor 4:17,For our light and momentary troubles are achieving for us an eternal glory that far outweighs them all.,관계대명사 that + 비교 강조 부사 far,우리가 잠시 받는 환난의 경한 것이 지극히 크고 영원한 영광의 중한 것을 우리에게 있게 함이니
258,2 Cor 4:18,"So we fix our eyes not on what is seen, but on what is unseen, since what is seen is temporary, but what is unseen is eternal.","not on A, but on B + 관계대명사 what절",우리가 바라보는 것은 보이는 것이 아니요 보이지 않는 것이니 보이는 것은 잠깐이요 보이지 않는 것은 영원함이라
259,2 Cor 5:7,"For we live by faith, not by sight.","전치사구 대조 (by faith, not by sight)",이는 우리가 믿음으로 행하고 보는 것으로 행하지 아니함이로라
260,2 Cor 5:17,"Therefore, if anyone is in Christ, the new creation has come: The old has gone, the new is here!",명사화된 형용사 (The old / the new),그런즉 누구든지 그리스도 안에 있으면 새로운 피조물이라 이전 것은 지나갔으니 보라 새 것이 되었도다
261,2 Cor 5:21,"God made him who had no sin to be sin for us, so that in him we might become the righteousness of God.",5형식 사역구문 (make + O + to V) + 목적절,하나님이 죄를 알지도 못하신 이를 우리를 대신하여 죄로 삼으신 것은 우리로 하여금 그 안에서 하나님의 의가 되게 하려 하심이라
262,2 Cor 9:7,"Each of you should give what you have decided in your heart to give, not reluctantly or under compulsion, for God loves a cheerful giver.",what절 + 이유의 접속사 for,각각 그 마음에 정한 대로 할 것이요 아까움으로나 마지못해 하지 말지니 하나님은 즐겨 내는 자를 사랑하시느니라
263,2 Cor 12:9,"But he said to me, ""My grace is sufficient for you, for my power is made perfect in weakness.""",형용사 sufficient + 수동태 is made perfect,나에게 이르시기를 내 은혜가 네게 족하도다 이는 내 능력이 약한 데서 온전하여짐이라 하신지라
264,2 Cor 12:10,"That is why, for Christ’s sake, I delight in weaknesses, in insults, in hardships, in persecutions, in difficulties. For when I am weak, then I am strong.",That is why S V (그것이 ~한 이유다) + 전치사 in 나열,그러므로 내가 그리스도를 위하여 약한 것들과 능욕과 궁핍과 박해와 곤고를 기뻐하노니 이는 내가 약한 그 때에 강함이라
265,2 Cor 13:14,"May the grace of the Lord Jesus Christ, and the love of God, and the fellowship of the Holy Spirit be with you all.",May + S + be with you (축도 구문),주 예수 그리스도의 은혜와 하나님의 사랑과 성령의 교통하심이 너희 무리와 함께 있을지어다
266,Gal 2:20,"I have been crucified with Christ and I no longer live, but Christ lives in me.",현재완료 수동태 + 부사 no longer,내가 그리스도와 함께 십자가에 못 박혔나니 그런즉 이제는 내가 사는 것이 아니요 오직 내 안에 그리스도께서 사시는 것이라
267,Gal 3:28,"There is neither Jew nor Gentile, neither slave nor free, nor is there male and female, for you are all one in Christ Jesus.",neither A nor B 삼중 반복 구조,너희는 유대인이나 헬라인이나 종이나 자유인이나 남자가 여자가 다 그리스도 예수 안에서 하나이니라
268,Gal 5:13,"You, my brothers and sisters, were called to be free. But do not use your freedom to indulge the flesh; rather, serve one another humbly in love.",수동태 + to 부정사 부사적 용법(목적),형제들아 너희가 자유를 위하여 부르심을 입었으나 그러나 그 자유로 육체의 기회를 삼지 말고 오직 사랑으로 서로 종 노릇 하라
269,Gal 5:22,"But the fruit of the Spirit is love, joy, peace, forbearance, kindness, goodness, faithfulness,",명사 보어 7개 나열 (성령의 열매),오직 성령의 열매는 사랑과 희락과 화평과 오래 참음과 자비와 양선과 충성과
270,Gal 5:23,gentleness and self-control. Against such things there is no law.,전치사 Against (~에 반대하여/거슬러),온유와 절제니 이같은 것을 금지할 법이 없느니라
271,Gal 6:2,"Carry each other’s burdens, and in this way you will fulfill the law of Christ.",명령문 + and + 전치사구 in this way,너희가 짐을 서로 지라 그리하여 그리스도의 법을 성취하라
272,Gal 6:7,Do not be deceived: God cannot be mocked. A man reaps what he sows.,관계대명사 what절 (what he sows),스스로 속이지 말라 하나님은 업신여김을 받지 아니하시나니 사람이 무엇으로 심든지 그대로 거두리라
273,Gal 6:9,"Let us not become weary in doing good, for at the proper time we will reap a harvest if we do not give up.",Let us not + 원형 + 전치사구 at the proper time,우리가 선을 행하되 낙심하지 말지니 포기하지 아니하면 때가 이르매 거두리라
274,Gal 6:14,May I never boast except in the cross of our Lord Jesus Christ...,May I never + 원형 (결코 ~하지 않기를),그러나 내게는 우리 주 예수 그리스도의 십자가 외에 결코 자랑할 것이 없으니
275,Eph 1:3,"Praise be to the God and Father of our Lord Jesus Christ, who has blessed us in the heavenly realms with every spiritual blessing in Christ.",관계대명사 who절 수식 + 현재완료,찬송하리로다 하나님 곧 우리 주 예수 그리스도의 아버지께서 그리스도 안에서 하늘에 속한 모든 신령한 복을 우리에게 주시되
276,Eph 2:8,"For it is by grace you have been saved, through faith—and this is not from yourselves, it is the gift of God—",It is ... that(생략) 강조 구문 + 현재완료 수동태,너희는 그 은혜에 의하여 믿음으로 말미암아 구원을 받았으니 이것은 너희에게서 난 것이 아니요 하나님의 선물이라
277,Eph 2:9,"not by works, so that no one can boast.",전치사구 not by works + so that ~ can,행위에서 난 것이 아니니 이는 누구든지 자랑하지 못하게 함이라
278,Eph 2:10,"For we are God’s handiwork, created in Christ Jesus to do good works...",과거분사 created 수식 + to 부정사 목적,우리는 그가 만드신 바라 그리스도 예수 안에서 선한 일을 위하여 지으심을 받은 자니
279,Eph 3:20,"Now to him who is able to do immeasurably more than all we ask or imagine, according to his power that is at work within us,",to him who is able to V + 비교급 more than,우리 가운데서 역사하시는 능력대로 우리가 구하거나 생각하는 모든 것에 더 넘치도록 능히 하실 이에게
280,Eph 4:2,"Be completely humble and gentle; be patient, bearing with one another in love.",부사 수식 + 분사구문 bearing with ~,모든 겸손과 온유로 하고 오래 참음으로 사랑 가운데서 서로 용납하고
281,Eph 4:3,Make every effort to keep the unity of the Spirit through the bond of peace.,숙어 make every effort to V (~하기 위해 최선을 다하다),평안의 매는 줄로 성령이 하나 되게 하신 것을 힘써 지키라
282,Eph 4:15,"Instead, speaking the truth in love, we will grow adapt in every way into him who is the head, that is, Christ.",분사구문 + grow in every way into ~,오직 사랑 안에서 참된 것을 하여 범사에 그에게까지 자랄지라 그는 머리니 곧 그리스도라
283,Eph 4:26,"""In your anger do not sin"": Do not let the sun go down while you are still angry,",사역동사 let + O + 원형 (let the sun go down),분을 내어도 죄를 짓지 말며 해가 지도록 분을 품지 말고
284,Eph 4:29,"Do not let any unwholesome talk come out of your mouths, but only what is helpful for building others up...","사역동사 let + O + 원형 + not A, but B",무릇 더러운 말은 너희 입 밖에도 내지 말고 오직 덕을 세우는 데 소용되는 대로 선한 말을 하여
285,Eph 4:32,"Be kind and compassionate to one another, forgiving each other, just as in Christ God forgave you.",분사구문 forgiving + 접속사 just as,서로 친절하게 하며 불쌍히 여기며 서로 용서하기를 하나님이 그리스도 안에서 너희를 용서하심과 같이 하라
286,Eph 5:1,"Follow God’s example, therefore, as dearly loved children",명사구 dearly loved children (깊이 사랑받는 자녀들),그러므로 사랑을 받는 자녀 같이 너희는 하나님을 본받는 자가 되고
287,Eph 5:2,"and walk in the way of love, just as Christ loved us and gave himself up for us as a fragrant offering and sacrifice to God.",접속사 just as + 재귀대명사 himself,그리스도께서 너희를 사랑하신 것 같이 너희도 사랑 가운데서 행하라 그는 우리를 위하여 자기를 버리사 향기로운 제물과 희생제물로 하나님께 드리셨느니라
288,Eph 5:15,"Be very careful, then, how you live—not as unwise but as wise,",간접의문문 how S V + not as A but as B,그런즉 너희가 어떻게 행할지를 자세히 주의하여 지혜 없는 자 같이 하지 말고 오직 지혜 있는 자 같이 하여
289,Eph 5:16,"making the most of every opportunity, because the days are evil.",관용구 make the most of (~를 최대한 활용하다/아끼다),세월을 아끼라 때가 악하니라
290,Eph 5:18,"Do not get drunk on wine, which leads to debauchery. Instead, be filled with the Spirit,",관계대명사 계속적 용법 which + 수동태 be filled with,술 취하지 말라 이는 방탕한 것이니 오직 성령으로 충만함을 받으라
291,Eph 6:1,"Children, obey your parents in the Lord, for this is right.",전치사구 in the Lord + 이유 접속사 for,자녀들아 주 안에서 너희 부모에게 순종하라 이것이 옳으니라
292,Eph 6:10,"Finally, be strong in the Lord and in his mighty power.",부사 Finally + 형용사 보어 strong,끝으로 너희가 주 안에서와 그 힘의 능력으로 강건하여지고
293,Eph 6:11,"Put on the full armor of God, so that you can take your stand against the devil’s schemes.",구동사 put on + so that ~ can 목적절,마귀의 간계를 능히 대적하기 위하여 하나님의 전신 갑주를 입으라
294,Phil 1:6,"being confident of this, that he who began a good work in you will carry it on to completion until the day of Christ Jesus.",분사구문 being confident + he who ~,너희 안에서 선한 일을 시작하신 이가 그리스도 예수의 날까지 이루실 줄을 우리는 확신하노라
295,Phil 1:21,"For to me, to live is Christ and to die is gain.",to 부정사 주어 병렬 구조 (to live ... to die),이는 내게 사는 것이 그리스도니 죽는 것도 유익함이라
296,Phil 2:3,"Do nothing out of selfish ambition or vain conceit. Rather, in humility value others above yourselves,",전치사구 out of ~ (~로부터/이유) + value A above B,아무 일에든지 다툼이나 허영으로 하지 말고 오직 겸손한 마음으로 각각 자기보다 남을 낫게 여기고
297,Phil 2:4,Not looking to your own interests but each of you to the interests of the others.,"분사구문 + Not A, but B 대조 구조",각각 자기 일을 돌볼뿐더러 또한 각각 다른 사람들의 일을 돌보아
298,Phil 2:5,"In your relationships with one another, have the same mindset as Christ Jesus:",명사 mindset + 비교 전치사 as,너희 안에 이 마음을 품으라 곧 그리스도 예수의 마음이니
299,Phil 2:13,for it is God who works in you to will and to act in order to fulfill his good purpose.,It is ... who 강조 구문 + in order to V,너희 안에서 행하시는 이는 하나님이시니 자기의 기쁘신 뜻을 위하여 너희에게 소원을 두고 행하게 하시나니
300,Phil 3:14,I press on toward the goal to win the prize for which God has called me heavenward in Christ Jesus.,구동사 press on + 전치사 + 관계대명사 for which,푯대를 향하여 그리스도 예수 안에서 하나님이 위에서 부르신 부름의 상을 위하여 달려가노라
301,Col 3:2,"Set your minds on things above, not on earthly things.","not A, but B 변형 (A, not B)",위엣 것을 생각하고 땅의 것을 생각하지 말라
302,Col 3:12,"Therefore, as God’s chosen people, holy and dearly loved, clothe yourselves with compassion, kindness, humility, gentleness and patience.",형용사절 수식 + 명사 5개 나열,그러므로 너희는 하나님이 택하사 거룩하고 사랑 받는 자처럼 긍휼과 자비와 겸손과 온유와 오래 참음을 옷 입고
303,Col 3:13,Bear with each other and forgive one another if any of you has a grievance against someone. Forgive as the Lord forgave you.,구동사 bear with + 접속사 as,누구에게 불만이 있거든 서로 용납하여 피차 용서하되 주께서 너희를 용서하신 것 같이 너희도 그리하고
304,Col 3:14,"And over all these virtues put on love, which binds them all together in perfect unity.",관계대명사 계속적 용법 which,이 모든 것 위에 사랑을 더하라 이는 온전하게 매는 띠니라
305,Col 3:15,Let the peace of Christ rule in your hearts... And be thankful.,사역동사 let + O + 원형,그리스도의 평강이 너희 마음을 지배하게 하라 ... 너희는 또한 감사하는 자가 되라
306,Col 3:16,Let the message of Christ dwell among you richly...,사역동사 let + 부사 richly,그리스도의 말씀이 너희 속에 풍성히 거하여
307,Col 3:17,"And whatever you do, whether in word or deed, do it all in the name of the Lord Jesus...",복합관계대명사 whatever + whether A or B,또 무엇을 하든지 말에나 일에나 다 주 예수의 이름으로 하고
308,Col 3:23,"Whatever you do, work at it with all your heart, as working for the Lord, not for human masters,",Whatever절 + 분사구문 as working for ~,무슨 일을 하든지 마음을 다하여 주께 하듯 하고 사람에게 하듯 하지 말라
309,Col 4:2,"Devote yourselves to prayer, being watchful and thankful.",숙어 devote oneself to + 명사 + 분사구문,기도를 계속하고 기도에 감사함으로 깨어 있으라
310,Col 4:6,"Let your conversation be always full of grace, seasoned with salt...",사역동사 let + 과거분사 seasoned,너희 말을 항상 은혜 가운데서 소금으로 맛을 냄과 같이 하라
311,1 Thess 5:16,"Rejoice always,",짧고 명확한 명령문,항상 기뻐하라
312,1 Thess 5:17,"pray continually,",부사 수식 구조,쉬지 말고 기도하라
313,1 Thess 5:18,give thanks in all circumstances; for this is God’s will for you in Christ Jesus.,이유 접속사 for + 전치사구 in all circumstances,범사에 감사하라 이것이 그리스도 예수 안에서 너희를 향하신 하나님의 뜻이니라
314,2 Thess 3:3,"But the Lord is faithful, and he will strengthen you and protect you from the evil one.",동사 병렬 (strengthen ... and protect ...),주는 미쁘사 너희를 견건하게 하시고 악한 자에게서 지키시리라
315,1 Tim 4:12,"Don’t let anyone look down on you because you are young, but set an example for the believers...",사역동사 let + O + 원형 + 구동사 look down on,누구든지 네 연로함을 업신여기지 못하게 하고 오직 말과 행실과 사랑과 믿음과 정절에 있어서 믿는 자에게 본이 되어
316,1 Tim 6:6,But godliness with contentment is great gain.,명사구 주어 (godliness with contentment),그러나 자족하는 마음이 있으면 경건은 큰 이익이 되느니라
317,1 Tim 6:10,For the love of money is a root of all kinds of evil.,명사 root + 전치사구 수식,돈을 사랑함이 일만 악의 뿌리가 되나니
318,1 Tim 6:12,Fight the good fight of the faith. Take hold of the eternal life to which you were called...,구동사 take hold of + 전치사+관계대명사 to which,믿음의 선한 싸움을 싸우라 영생을 취하라 이를 위하여 네가 부르심을 받았고
319,2 Tim 1:7,"For the Spirit God gave us does not make us timid, but gives us power, love and self-discipline.","목적격 관계대명사 생략 + not A, but B",하나님이 우리에게 주신 것은 두려워하는 마음이 아니요 오직 능력과 사랑과 절제하는 마음이니
320,2 Tim 2:15,"Do your best to present yourself to God as one approved, a worker who does not need to be ashamed...",숙어 do one's best to V + 관계대명사 who,너는 진리의 말씀을 바르게 분별하며 부끄러울 것이 없는 일꾼으로 인정된 자로 자신을 하나님 앞에 드리기를 힘쓰라
321,2 Tim 3:16,"All Scripture is God-breathed and is useful for teaching, rebuking, correcting and training in righteousness,",수동태 + 동명사 4개 병렬 수식,모든 성경은 하나님의 감동으로 된 것으로 교훈과 책망과 바르게 함과 의로 교육하기에 유익하니
322,2 Tim 3:17,so that the servant of God may be thoroughly equipped for every good work.,so that ~ may 목적절 + 과거분사 equipped,이는 하나님의 사람으로 온전하게 하며 모든 선한 일을 행할 능력을 갖추게 하려 함이라
323,2 Tim 4:7,"I have fought the good fight, I have finished the race, I have kept the faith.",현재완료 3연속 병렬 시제,나는 선한 싸움을 싸우고 나의 달려갈 길을 마치고 믿음을 지켰으니
324,Titus 2:11,For the grace of God has appeared that offers salvation to all people.,현재완료 + 관계대명사 that절,모든 사람에게 구원을 주시는 하나님의 은혜가 나타나
325,Heb 4:12,For the word of God is alive and active. Sharper than any double-edged sword...,비교급 Sharper than ~ 강조 구문,하나님의 말씀은 살아 있고 활력이 있어 좌우에 날선 어떤 검보다도 예리하여
326,Heb 4:16,"Let us then approach God’s throne of grace with confidence, so that we may receive mercy...",Let us + 원형 + so that ~ may 목적절,그러므로 우리는 긍휼하심을 받고 때를 따라 돕는 은혜를 얻기 위하여 은혜의 보좌 앞에 담대히 나아갈 것이니라
327,Heb 10:24,"And let us consider how we may spur one another on toward love and good deeds,",간접의문문 how S V + 구동사 spur on,서로 돌아보아 사랑과 선행을 격려하며
328,Heb 10:25,"not giving up meeting together, as some are in the habit of doing, but encouraging one another...","분사구문 not giving up ..., but encouraging ...",모이기를 폐하는 어떤 사람들의 습관과 같이 하지 말고 오직 권하여
329,Heb 11:1,Now faith is confidence in what we hope for and assurance about what we do not see.,관계대명사 what절 대칭 병렬 구조,믿음은 바라는 것들의 실상이요 보이지 않는 것들의 증거니
330,Heb 11:6,"And without faith it is impossible to please God, because anyone who comes to him must believe that he exists...",가주어/진주어 (it is impossible to V),믿음이 없이는 하나님을 기쁘시게 하지 못하나니 하나님께 나아가는 자는 반드시 그가 계신 것과 ... 믿어야 할지니라
331,Heb 12:1,"...let us throw off everything that hinders and the sin that so easily entangles. And let us run with perseverance the race marked out for us,",Let us + 원형 + 관계대명사 that + 과거분사 수식,모든 무거운 것과 얽매이기 쉬운 죄를 벗어 버리고 인내로써 우리 앞에 당한 경주를 하며
332,Heb 12:2,"fixing our eyes on Jesus, the pioneer and perfecter of faith.",부대상황 분사구문 (fixing our eyes on ~),믿음의 주요 또 온전하게 하시는 이인 예수를 바라보자
333,Heb 13:5,Keep your lives free from the love of money and be content with what you have...,5형식 구문 (keep + O + C) + be content with,돈을 사랑하지 말고 있는 바를 족한 줄로 알라
334,Heb 13:8,Jesus Christ is the same yesterday and today and forever.,명사 보어 수식 (시공간 대칭),예수 그리스도는 어제나 오늘이나 영원토록 동일하시니라
335,Jas 1:2,"Consider it pure joy, my brothers and sisters, whenever you face trials of many kinds,",5형식 구문 (consider + O + C) + 접속사 whenever,내 형제들아 너희가 여러 가지 시험을 당하거든 온전히 기쁘게 여기라
336,Jas 1:3,because you know that the testing of your faith produces perseverance.,동사 produce (열매 맺다/생산하다),이는 너희 믿음의 시련이 인내를 만들어 내는 줄 너희가 앎이라
337,Jas 1:5,"If any of you lacks wisdom, you should ask God, who gives generously to all without finding fault...",관계대명사 계속적 용법 who,너희 중에 누구든지 지혜가 부족하거든 모든 사람에게 후히 주시고 꾸짖지 아니하시는 하나님께 구하라 그리하면 주시리라
338,Jas 1:12,Blessed is the one who perseveres under trial...,보어 도치 문장 (Blessed is S),시험을 참는 자는 복이 있나니
339,Jas 1:17,"Every good and perfect gift is from above, coming down from the Father of the heavenly lights...",현재분사 수식 (coming down from ~),온갖 좋은 은사와 온전한 선물이 다 위로부터 빛들의 아버지께로부터 내려오나니
340,1 Pet 1:3,In his great mercy he has given us new birth into a living hope through the resurrection of Jesus Christ...,현재완료 has given + 전치사구 수식,그의 많으신 긍휼대로 예수 그리스도를 죽은 자 가운데서 부활하게 하심으로 말미암아 우리를 거듭나게 하사 산 소망이 있게 하시며
341,1 Pet 1:8,"Though you have not seen him, you love him; and even though you do not see him now, you believe in him...",양보 접속사 Though / even though,예수를 너희가 보지 못하였으나 사랑하는도다 이제도 보지 못하나 믿고
342,1 Pet 1:15,"But just as he who called you is holy, so be holy in all you do;","just as A, so B (~와 마찬가지로 -하라)",오직 너희를 부르신 거룩한 이처럼 너희도 모든 행실에 거룩한 자가 되라
343,1 Pet 2:9,"But you are a chosen people, a royal priesthood, a holy nation, God’s special possession...",명사 보어 나열 동격 구조,그러나 너희는 택하신 족속이요 왕 같은 제사장들이요 거룩한 나라요 그의 소유가 된 백성이니
344,1 Pet 2:24,"""He himself bore our sins"" in his body on the cross, so that we might die to sins and live for righteousness...",강조 대명사 He himself + so that ~ might,친히 나무에 달려 그 몸으로 우리 죄를 담당하셨으니 이는 우리로 죄에 대하여 죽고 의에 대하여 살게 하려 하심이라
345,1 Pet 3:15,But in your hearts revere Christ as Lord. Always be prepared to give an answer to everyone who asks you to give the reason for the hope that you have.,be prepared to V + 관계대명사 that,너희 마음에 그리스도를 주로 삼아 거룩하게 하고 너희 속에 있는 소망에 관한 이유를 묻는 자에게는 대답할 것을 항상 준비하되
346,1 Pet 4:8,"Above all, love each other deeply, because love covers over a multitude of sins.",숙어 Above all + 이유 접속사 because,무엇보다도 뜨겁게 서로 사랑할지니 사랑은 허다한 죄를 덮느니라
347,1 Pet 5:7,Cast all your anxiety on him because he cares for you.,숙어 Cast A on B (A를 B에게 던지다/맡기다),너희 염려를 다 주께 맡기라 이는 그가 너희를 돌보심이라
348,1 Pet 5:8,Be alert and of sober mind. Your enemy the devil prowls around like a roaring lion looking for someone to devour.,형용사구 보어 + 분사구문 looking for ~,근신하라 깨어라 너희 대적 마귀가 우는 사자 같이 두루 다니며 삼킬 자를 찾나니
349,1 Pet 5:10,"And the God of all grace ... will himself restore you and make you strong, firm and steadfast.",5형식 사역구문 (make + O + C),모든 은혜의 하나님 ... 이 친히 너희를 온전하게 하시며 굳건하게 하시며 강하게 하시며 터를 견고하게 하시리라
350,2 Pet 1:3,His divine power has given us everything we need for a godly life through our knowledge of him...,목적격 관계대명사 생략 (everything we need),그의 신기한 능력으로 생명과 경건에 속한 모든 것을 우리에게 주셨으니 이는 자기의 영광과 덕으로써 우리를 부르신 이를 앎으로 말미암음이라
351,2 Pet 3:8,"But do not forget this one thing, dear friends: With the Lord a day is like a thousand years, and a thousand years are like a day.",전치사 like (대칭적 직유 구조),사랑하는 자들아 주께는 하루가 천 년 같고 천 년이 하루 같다는 이 한 가지를 잊지 말라
352,2 Pet 3:9,"The Lord is not slow in keeping his promise ... Instead he is patient with you, not wanting anyone to perish...",not A ... Instead B + 분사구문,주의 약속은 어떤 이들이 더디다고 생각하는 것 같이 더딘 것이 아니라 오직 주께서는 너희를 대하여 오래 참으사 아무도 멸망하지 아니하고
353,1 John 1:7,"But if we walk in the light, as he is in the light, we have fellowship with one another...",조건절 If ~ + 접속사 as,그가 빛 가운데 계신 것 같이 우리도 빛 가운데 행하면 우리가 서로 교제가 있고
354,1 John 1:9,"If we confess our sins, he is faithful and just and will forgive us our sins and purify us from all unrighteousness.",4형식 구조 (forgive us our sins) + 병렬 동사,만일 우리가 우리 죄를 자백하면 그는 미쁘시고 의로우사 우리 죄를 사하시며 우리를 모든 불의에서 깨끗하게 하실 것이요
355,1 John 2:15,"Do not love the world or anything in the world. If anyone loves the world, love for the Father is not in them.",부정 명령문 + 조건절 If ~,이 세상이나 세상에 있는 것들을 사랑하지 말라 누구든지 세상을 사랑하면 아버지의 사랑이 그 안에 있지 아니하니
356,1 John 3:1,"See what great love the Father has lavished on us, that we should be called children of God!",감탄문 See what + N + S + V,보라 아버지께서 어떠한 사랑을 우리에게 베푸사 하나님의 자녀라 일컬음을 받게 하셨는가
357,1 John 3:18,"Dear children, let us not love with words or speech but with actions and in truth.","let us not A, but B (~하지 말고 -하자)",자녀들아 우리가 말과 혀로만 사랑하지 말고 행함과 진실함으로 하자
358,1 John 4:7,"Dear friends, let us love one another, for love comes from God. Everyone who loves has been born of God and knows God.",Everyone who ~ + 현재완료 시제,사랑하는 자들아 우리가 서로 사랑하자 사랑은 하나님께 속한 것이니 사랑하는 자마다 하나님으로부터 나서 하나님을 알고
359,1 John 4:18,"There is no fear in love. But perfect love drives out fear, because fear has to do with punishment.",관용구 have to do with (~와 관련이 있다),사랑 안에 두려움이 없고 온전한 사랑이 두려움을 쫓아내나니 두려움에는 형벌이 있음이라
360,1 John 4:19,We love because he first loved us.,간결한 원인-결과 문장 구조,우리가 사랑함은 그가 먼저 우리를 사랑하셨음이라
361,1 John 5:4,"for everyone born of God overcomes the world. This is the victory that has overcome the world, even our faith.",과거분사 수식 (born of God) + 관계대명사,무릇 하나님께로부터 난 자마다 세상을 이기느라 세상을 이기는 승리는 이것이니 우리의 믿음이니라
362,3 John 1:2,"Dear friend, I pray that you may enjoy good health and that all may go well with you, even as your soul is getting along well.",pray that ~ may + 접속사 even as,사랑하는 자여 네 영혼이 잘됨 같이 네가 범사에 잘되고 강건하기를 내가 간구하노라
363,Jude 1:21,keep yourselves in God’s love as you wait for the mercy of our Lord Jesus Christ to bring you to eternal life.,keep + O + 전치사구 + 접속사 as,하나님의 사랑 안에서 자신을 지키며 영생에 이르도록 우리 주 예수 그리스도의 긍휼을 기다리라
364,Rev 3:20,"Here I am! I stand at the door and knock. If anyone hears my voice and opens the door, I will come in and eat with that person, and they with me.",조건절 If ~ + 병렬 동사 구문,볼지어다 내가 문 밖에 서서 두드리노니 누구든지 내 음성을 듣고 문을 열면 내가 그에게로 들어 가 그와 더불어 먹고 그는 나와 더불어 먹으리라
365,Rev 21:4,"‘He will wipe every tear from their eyes. There will be no more death’ or mourning or crying or pain, for the old order of things has passed away.",no more A or B + 이유 접속사 for,모든 눈물을 그 눈에서 닦아 주시니 다시는 사망이 없고 애통하는 것이나 부르짖는 것이나 아픈 것이 다시 있지 아니하리니 처음 것들이 다 지나갔음이러라